label,seed1
B,0.13097978025579324
C,0.18822550241169375
A,0.10283531917954321
D,0.1880442294105046
E,0.2350042783974892
F,0.2352171526381693
G,0.23456470561008114
=Other Unseen=,0.16025817078201937
