label,seed1
借金のおまとめ,0.1625490569503396
クレジットカード,0.1576517216642472
その他,0.16116704297150014
家のリフォーム,0.16042862168849434
大きな買い物,0.1625274329063393
自営業の資金調達,0.16254212013491423
医療,0.16603161939085537
自動車,0.16278086669784397
引っ越し,0.16295180922416755
旅行,0.16222815332385046
不動産,0.16238853815224075
再生可能エネルギー,0.1630289248824716
結婚式,0.1630289248824716
=Other Unseen=,0.1630289248824716
結婚式 (Unseen),0.1630289248824716
