label,seed1
0.0,0.15729754070271948
1.0,0.16255909296580276
2.0,0.16655291549819704
3.0,0.166633513399586
4.0,0.16788856482286973
5.0,0.18031722047177678
6.0,0.18232706135027296
,0.15729754070271948
